"Problem","Package","File","Priority","Line","Description","Rule set","Rule"
"1","org.flower.productapi","/Users/anthonyikeda/work/git/product-api/src/main/java/org/flower/productapi/AMQPConfiguration.java","4","9","Unused import 'org.springframework.amqp.rabbit.listener.SimpleMessageListenerContainer'","Code Style","UnnecessaryImport"
"2","org.flower.productapi","/Users/anthonyikeda/work/git/product-api/src/main/java/org/flower/productapi/AMQPConfiguration.java","4","10","Unused import 'org.springframework.amqp.rabbit.listener.adapter.MessageListenerAdapter'","Code Style","UnnecessaryImport"
"3","org.flower.productapi","/Users/anthonyikeda/work/git/product-api/src/main/java/org/flower/productapi/AMQPConfiguration.java","3","18","Avoid the use of value in annotations when its the only element","Code Style","UnnecessaryAnnotationValueElement"
"1","org.flower.productapi","/Users/anthonyikeda/work/git/product-api/src/main/java/org/flower/productapi/ApprovedProductMessage.java","3","3","The class 'ApprovedProductMessage' is suspected to be a Data Class (WOC=0.000%, NOPA=0, NOAM=4, WMC=4)","Design","DataClass"
"1","org.flower.productapi","/Users/anthonyikeda/work/git/product-api/src/main/java/org/flower/productapi/Product.java","3","5","The class 'Product' is suspected to be a Data Class (WOC=0.000%, NOPA=0, NOAM=8, WMC=8)","Design","DataClass"
"1","org.flower.productapi","/Users/anthonyikeda/work/git/product-api/src/main/java/org/flower/productapi/ProductAdvertisement.java","3","3","The class 'ProductAdvertisement' is suspected to be a Data Class (WOC=0.000%, NOPA=0, NOAM=4, WMC=4)","Design","DataClass"
"1","org.flower.productapi","/Users/anthonyikeda/work/git/product-api/src/main/java/org/flower/productapi/ProductController.java","4","10","Unused import 'org.springframework.web.bind.annotation.*'","Code Style","UnnecessaryImport"
"2","org.flower.productapi","/Users/anthonyikeda/work/git/product-api/src/main/java/org/flower/productapi/ProductController.java","2","24","Logger calls should be surrounded by log level guards.","Best Practices","GuardLogStatement"
"1","org.flower.productapi","/Users/anthonyikeda/work/git/product-api/src/main/java/org/flower/productapi/ProductDAO.java","4","3","Unused import 'javax.persistence.*'","Code Style","UnnecessaryImport"
"2","org.flower.productapi","/Users/anthonyikeda/work/git/product-api/src/main/java/org/flower/productapi/ProductDAO.java","3","7","The class 'ProductDAO' is suspected to be a Data Class (WOC=0.000%, NOPA=0, NOAM=8, WMC=8)","Design","DataClass"
"1","org.flower.productapi","/Users/anthonyikeda/work/git/product-api/src/main/java/org/flower/productapi/ProductRequest.java","3","3","The class 'ProductRequest' is suspected to be a Data Class (WOC=0.000%, NOPA=0, NOAM=8, WMC=8)","Design","DataClass"
"1","org.flower.productapi","/Users/anthonyikeda/work/git/product-api/src/main/java/org/flower/productapi/ProductRequestController.java","4","6","Unused import 'org.springframework.web.bind.annotation.*'","Code Style","UnnecessaryImport"
"2","org.flower.productapi","/Users/anthonyikeda/work/git/product-api/src/main/java/org/flower/productapi/ProductRequestController.java","1","18","The method parameter name '_service' doesn't match '[a-z][a-zA-Z0-9]*'","Code Style","FormalParameterNamingConventions"
"3","org.flower.productapi","/Users/anthonyikeda/work/git/product-api/src/main/java/org/flower/productapi/ProductRequestController.java","2","24","Logger calls should be surrounded by log level guards.","Best Practices","GuardLogStatement"
"4","org.flower.productapi","/Users/anthonyikeda/work/git/product-api/src/main/java/org/flower/productapi/ProductRequestController.java","2","38","Logger calls should be surrounded by log level guards.","Best Practices","GuardLogStatement"
"1","org.flower.productapi","/Users/anthonyikeda/work/git/product-api/src/main/java/org/flower/productapi/ProductRequestDAO.java","4","3","Unused import 'javax.persistence.*'","Code Style","UnnecessaryImport"
"2","org.flower.productapi","/Users/anthonyikeda/work/git/product-api/src/main/java/org/flower/productapi/ProductRequestDAO.java","3","8","The class 'ProductRequestDAO' is suspected to be a Data Class (WOC=0.000%, NOPA=0, NOAM=14, WMC=14)","Design","DataClass"
"1","org.flower.productapi","/Users/anthonyikeda/work/git/product-api/src/main/java/org/flower/productapi/ProductRequestService.java","2","54","Logger calls should be surrounded by log level guards.","Best Practices","GuardLogStatement"
"2","org.flower.productapi","/Users/anthonyikeda/work/git/product-api/src/main/java/org/flower/productapi/ProductRequestService.java","3","65","Avoid catching generic exceptions such as NullPointerException, RuntimeException, Exception in try-catch block","Design","AvoidCatchingGenericException"
"3","org.flower.productapi","/Users/anthonyikeda/work/git/product-api/src/main/java/org/flower/productapi/ProductRequestService.java","3","71","Avoid unused private methods such as 'convertDAO(ProductRequestDAO)'.","Best Practices","UnusedPrivateMethod"
"1","org.flower.productapi","/Users/anthonyikeda/work/git/product-api/src/main/java/org/flower/productapi/ProductRequestValidatedConsumer.java","3","10","Avoid the use of value in annotations when its the only element","Code Style","UnnecessaryAnnotationValueElement"
"2","org.flower.productapi","/Users/anthonyikeda/work/git/product-api/src/main/java/org/flower/productapi/ProductRequestValidatedConsumer.java","2","17","Logger calls should be surrounded by log level guards.","Best Practices","GuardLogStatement"
"1","org.flower.productapi","/Users/anthonyikeda/work/git/product-api/src/main/java/org/flower/productapi/ProductService.java","3","35","Consider simply returning the value vs storing it in local variable 'toReturn'","Code Style","UnnecessaryLocalBeforeReturn"